address,amount,id
0x707d9f893ec2799ddef1524db15eba99d67fc431,79000000000000000000,1
0x2fb146c2b916cee78a4c0bcaaa64354820c36a27,12000000000000000000,2
0xfad82298a56729a6904ca9cac01b0a6283ad5129,2000000000000000000,3
0xd47ae65755c0caff21c6163f14a7c91c49a05fcb,8000000000000000000,4
0x9b32b385a49627b2c188f08175b321a26aff850c,24000000000000000000,5
0x04820a916f96e6e7fc059c8c29a4d2fbcbb995eb,91000000000000000000,6
0xce30e023b564f3cc42e42e1f815295450d0bed32,98000000000000000000,7
0x8bc41ee055609f72c2fab075dd24129dac76fdf7,36000000000000000000,8
0x1ad6de871126f6290d72be781224a2aca1e699af,71000000000000000000,9
0x535f1fcdd9c5001d847b2e7ef579d6e4ab6f860b,73000000000000000000,10
0xd1fbdeec39d86854263c52bfd299d74815fcaf74,68000000000000000000,11
0x35d8335823bba4b4954df32990ba1ce05a44687d,44000000000000000000,12
0x4b05c9e9a3a2a2f1376246b5eaf7b2b7b08cd888,79000000000000000000,13
0x13f25a93d1137e92cf70311615a33c0095c8451b,93000000000000000000,14
0x5227ead55190e79af7f587b7b86aef1e7326adc8,29000000000000000000,15
0x1f842afeaf81ab658df2f929defebdec89907268,9000000000000000000,16
0x17aa953ec1330334c26a5d21838788a18a5738d7,56000000000000000000,17
0x584260c688e13a65cdaadbb5e7f4cfb12c5597a9,35000000000000000000,18
0xc4769bd4dd32b316cee671ad5d5ae4ff098c6652,68000000000000000000,19
0xc77fa35fa986c1dc91dac6f68ca84dad0e8242ef,42000000000000000000,20
0xd5ae4b65bfd7e7c387d6fed3fc4341b707e510df,75000000000000000000,21
0x4845c2f309be549c547bbc5ad93fb5e1efa545ad,31000000000000000000,22
0x2ac17c85bc090c6e73b7c43f09b2ac168a11fa62,24000000000000000000,23
0x880e2d89a0e337573c59b791ee9d647efcd7efcb,2000000000000000000,24
0x71d0e8430cb6baa6c09aba963ff9953b4e09b1c1,97000000000000000000,25
0x1df8a9f0e9518c88b6c47d0fa672d186d8d55b5d,26000000000000000000,26
0x65e03f5092d760da4084d3cc4c6cff24c23b0c56,52000000000000000000,27
0x76d0662ef31eba4a8933d675c895beea870fdc8a,1000000000000000000,28
0x9fc941e513751574216b17369a9ad1d408bd0914,63000000000000000000,29
0x259d0bb76a41634e34ca0060618d92b50c6c6e5e,46000000000000000000,30
0xd9203e502cc56989c335e80ace4a8bd89926b33e,50000000000000000000,31
0x0d9f643a0abdb2186652ebdabab2adfd41231111,13000000000000000000,32
0xcd0211e766411abda9cc2c3abb1bb6b8c011b8ca,96000000000000000000,33
0x7e4f54408fc88e990abbbaf91697bc6dff5f6764,40000000000000000000,34
0xb8a82dc0839962ebd46f17f5e82fc79a722bbf55,38000000000000000000,35
0x8362b4bf25054423c31874307d8e65e63012e40f,89000000000000000000,36
0xcc795506ec1e366e5f527dbc8e75e8e257edb693,80000000000000000000,37
0x13814dcad5e48934c4420f7f24b6da054299dfec,57000000000000000000,38
0x48fe0d543744f96ff61f2149e540881fab85b891,90000000000000000000,39
0xebfa58c5518d2f91ea09d54bad81cefe766b5875,36000000000000000000,40
0x5c5a8ccfe93c2d84e352c296f2efcc1befb65b53,84000000000000000000,41
0x02a8225f21a2214a44f6e5ad623dc219bd9201d3,64000000000000000000,42
0x1f10cd2b4b21179fc382de9869bfd5278ea0fbd9,67000000000000000000,43
0xc942aff87c1e65d8060b0e828e7b3cfa57a3e459,61000000000000000000,44
0x943355ec64bffdea05c888a3ba4c3b36f59c6c06,11000000000000000000,45
0x2c563ec46cb7a6389b7d97f3890a5a44dc43f7ed,36000000000000000000,46
0xffb9bfed5a00b49fffb235d13fbbbc3b809be76a,52000000000000000000,47
0xe530a15a916a9bf4309f361e2fcc19b415fa7935,45000000000000000000,48
0xa262d0996e590805632454181e9a7f21e3f3c526,92000000000000000000,49
0x9eae4c9d02fcba0322c82a1ec271a10183baa157,39000000000000000000,50
0x273f4c52a9e83689f3f548e3e4c23305583f940c,28000000000000000000,51
0x94f6c520b68e6e7e8b64fc300eab665bd6dbfb2a,88000000000000000000,52
0x5bfc17872b1e0c22e69f935ec0d77b5b1a64f859,90000000000000000000,53
0x1c95fd9e97f4d7e9b4bd52ae22fbb2472915b91f,73000000000000000000,54
0xe6ee4bc454e5a3d2dc1ee174ca2f0b4831c1e884,92000000000000000000,55
0x27c4b5f7863c1ed8e48946b132f5f66e6a9a08f1,81000000000000000000,56
0x92e05a9471b107362bdad004e5cf5c86bbf3ee3c,60000000000000000000,57
0x1d05d3690bb115a4bb88145e4d0eb28509a3187d,60000000000000000000,58
0x207bf7cf22e04c44b252684141cff993a2be40aa,83000000000000000000,59
0xf8e5f0586c0df2f17f097a28fdfe04f7b5e05a8f,50000000000000000000,60
0x8dcb8be7bd4728dbc774d743765b5f2a0385f88a,58000000000000000000,61
0x5cb551bc3338256405cfe4c292b5ec253f3076da,36000000000000000000,62
0xda158c4d007280c1c508aca291d5fc1c66be7823,63000000000000000000,63
0x5431402664f5ffa0828359d895f53448dc3a8636,57000000000000000000,64
0x61849eb2d55254c7e1a18ebf639f4a1b73ce32ac,53000000000000000000,65
0x93ad57f9624a332c7defe979d5d325eb530f00a7,88000000000000000000,66
0x65c04d39976b13723be60bfa3f66da1a44ae43bf,58000000000000000000,67
0x76803f77cc1aa95bbc6fca76e396a55dfa315ed2,91000000000000000000,68
0x37fb051efd28711b5d72e3294c371efdf295b68c,11000000000000000000,69
0x66a48a2c40540fa076b069df5eb03d3a6a2ea063,24000000000000000000,70
0x951089edcd17a247819489013fc8c0a57e0f19f0,87000000000000000000,71
0x26cf783b4f889cefadd90d216efe118972ff007c,30000000000000000000,72
0xda06b956a4fa707404d8d2b97c7b705a10758492,83000000000000000000,73
0x2f7c78c1d3af572f1c3cb121cd4b6c5aa1425381,38000000000000000000,74
0x1df0b1f784ea083356f111382a254c4a076f60d5,68000000000000000000,75
0xea7c6c8a40bbe053735cbb9d527dc708f064b1cf,32000000000000000000,76
0x9b6ec018323c6b368db5412e032119f50be7e4cd,5000000000000000000,77
0xfefea9427bef554cc572bc4e887a0b9642fd8f4e,65000000000000000000,78
0x9c94b2446e06c9ce7d1ea3250a8498fbca2c610c,9000000000000000000,79
0x11c7e0f8e6e79c8b6b0d66075e19626a10f5893b,17000000000000000000,80
0xc7dac3a4289d23dcb7935e1ca53d3eebd91aa73b,69000000000000000000,81
0x83cb87ce1942d7eb210b69db40970deca668225c,50000000000000000000,82
0x8bc9240b1ac768a472d0f67f58cfb3646611901e,90000000000000000000,83
0x7bc0976ac4df24911d60c2c70621571fb3c4b5c1,82000000000000000000,84
0x2e0f82b104d290ec72b2735ed626361335e41358,98000000000000000000,85
0xd77f2c572fd650114dc4e003709b8e025d316c61,17000000000000000000,86
0xf127b07a05cb544a2e5217a5744c685ba023daef,95000000000000000000,87
0x28bf30919ad3657fc07d5f11f7e2e16477184da7,40000000000000000000,88
0x20e28aa52cad8bdead36bcaeb14eb12b0e21e7f4,63000000000000000000,89
0xb991376fd60abc5db0ca8040cf636325b4760b11,67000000000000000000,90
0xb0b535088c315020f5eaaf2be880176e0102436f,1000000000000000000,91
0xd6b816b680de0702aa86167c21744e74254beeac,97000000000000000000,92
0xc89f19b5728412faa14406f0b71789fd7ccc0a06,44000000000000000000,93
0xbf08acf616db527119237ec631c08a82337324d7,61000000000000000000,94
0xeffc5c176400c2c7d7c443363cab0d82851a7bab,59000000000000000000,95
0x200751bb3f0295f5af80722417993e495c0b2299,27000000000000000000,96
0xfc90bcc7383bb463717813d943269d6362f63911,43000000000000000000,97
0xd949f321b1594f36d5771c9176065165b02c390c,75000000000000000000,98
0xfaebbdb50b3efe00bd3c0a88fa7a581e6ecf752b,58000000000000000000,99
0x74f695eb9d1b40038c9ecdead8a1c418ba0b849c,90000000000000000000,100
0xc58cf84f3566185941300dc13682ae12b3fd1218,74000000000000000000,101
0x994b8cc16cbb3ddd9526ee66ad13389f073aa31b,11000000000000000000,102
0xc8a4e81ed6e237a5f055e5e919f92fd78989f692,54000000000000000000,103
0x78f66d1f6f40807a88daa0ba2892ef3a7d28c927,14000000000000000000,104
0xe65f525b5e43bc8b9c2ee29bc9df642fb911af95,55000000000000000000,105
0x9a44aa1fab360c4bd6836be1b9a13697805acddb,84000000000000000000,106
0x2feff626a50a69aeb522f81ecd5a21a9e1c2aae1,81000000000000000000,107
0xe6a8a966fcd86ec20333f8645a2b6c9cfd6964d7,64000000000000000000,108
0xb54cad7c3a63e790d2252d2e7a235787873652ee,29000000000000000000,109
0xb4ec8c869c9b4feb468aff4632a4dc78b66c2353,57000000000000000000,110
0xc7732eaba6d7582aec2b9c0d892051046e0a1fcf,49000000000000000000,111
0xd6c27c37a04ea2634a0ccf529407dc946282cc2c,19000000000000000000,112
0x36afdac26bc7f05f566f66382e71a9d9f4e66698,24000000000000000000,113
0x7739f354b22f88bbee27f3202d01333fd55db6e8,38000000000000000000,114
0x65e60b175e6ccabcae2ade4658bd3b3b5a1bddad,42000000000000000000,115
0x8e0e3eba2f8f1e4d37d1fe294d996ef594e0e3f5,48000000000000000000,116
0xa883064028666e6b515dc26d382f2baedb4c1e45,22000000000000000000,117
0xb532f14d405c352591d69596fd3caf585e35c872,39000000000000000000,118
0xfc268822b7aa4fec82e3e7fbbe0f05b3ee09c45f,78000000000000000000,119
0xa79a310303e8a4c450072d669c2b7b8dee4946c6,80000000000000000000,120
0xc4b6268a222cc198443db7a2ccfa52c25dcb893d,1000000000000000000,121
0xf2ef5cc82a19599cd37f9b6038765a820b4c5fde,7000000000000000000,122
0xe1afc1f3dc743a4fd3d7c789d41bac21e266d959,18000000000000000000,123
0xc13da65a2e47e7772017ddb29312e19f937b51e8,51000000000000000000,124
0xc2308a75c7521f5aa68ef1d26efeebb85b9672a3,49000000000000000000,125
0x0d5958f7a90dee9315b1acd57825b6592cda699a,5000000000000000000,126
0x3d45474fbca5050da0b8716726c0c3e9c0d3cea2,35000000000000000000,127
0x6039b500c2f376882c8c592f4e91db07749abd02,85000000000000000000,128
0xe3159af5d8722223d04597560deee55903cf5549,1000000000000000000,129
0x0376de0c2c8a2c8916dab716d47d9652087c2918,84000000000000000000,130
0x0e1ebf68b4b577dbbb1e2b2acedbdabd2f1a1b6c,22000000000000000000,131
0x2fdbc4c3511e3ee14e22b5763cdf24a155fdcdc3,45000000000000000000,132
0x648ac158fead7159b6804dbf7e143c1954901bac,89000000000000000000,133
0x9442e0a1f90b05bb676331394b7b81e35210391e,99000000000000000000,134
0x3f2fea9fa3c0bb945400c9338aff865ccc0bf96e,60000000000000000000,135
0x2b1c67108df578c38cfdb520c56b3ad9be6654e5,29000000000000000000,136
0x0890bda5145bb01d86946884f546249108283cc3,41000000000000000000,137
0x1ea614d824aa14470255fe98e96cc9e60e421043,86000000000000000000,138
0x73f34ec0c5678058bd14e2d7734cd2e73da3817c,28000000000000000000,139
0x9858b85a77a954d730105ffa4ed606db56543470,71000000000000000000,140
0xf6c15a06c6fe85c6a1b4de2e79313aec4711e000,37000000000000000000,141
0xdd4aced98c52f3a880c45a87d1c91389a1c0282f,96000000000000000000,142
0xf95c721281a5b50ae1dc637c2280c7936308123a,18000000000000000000,143
0x16bff3e491aa17cc4c798ceab295970bcc682cdc,83000000000000000000,144
0xd8524b153df3f22d94ebdf5877e49dcde35bd51f,4000000000000000000,145
0x9ee0ce8c13fea4274614d90e19dec4ee76f2c212,46000000000000000000,146
0xd4c71e591ba72ae3e92f641b2f04d189161345a6,78000000000000000000,147
0xa6055f9711aec68bb491de1b156298d0d779b8b0,12000000000000000000,148
0x64a7808eac149229483f572300845ffe9043a30e,74000000000000000000,149
0xe3dce3d58c88252bd9b5de8b98733e46acd7b5d3,65000000000000000000,150
0x8a5d6516bc0ffe2dbf7cef75aa2d24b438300b2a,87000000000000000000,151
0x0c04df5eeed67496b73d0ab7a4bc4e78dd123846,56000000000000000000,152
0x9dcdddf4fa85a094e123346be1f85f1428585c31,64000000000000000000,153
0x079bd7189620800b7a5c7475095104e9a085ed36,35000000000000000000,154
0x8993dc8951313d9d6dcbf570e367140938612f44,96000000000000000000,155
0x39e2725b239e4e3c0cde3f03f488d80278ff1d0b,81000000000000000000,156
0xe2a4a1053744d2de59093853ff18d155d50f3af2,81000000000000000000,157
0x23038a80b060bae9cf0490ad4a9c956443c2edeb,32000000000000000000,158
0x9706baf1eac15527c926da07c807963997a511e0,1000000000000000000,159
0xb01dd9c04b7e12f2d8d1a5ee5bbe3d42d167a351,79000000000000000000,160
0xc2f9402c4d1af3efc5fcfaa00c99675241174878,67000000000000000000,161
0xb087aac8f8129bab36ec9e4330354190c20ed712,58000000000000000000,162
0x8b367ac70c950f2dbe682afa990590f0da1e4ea1,81000000000000000000,163
0xdcdf0feeede933ceafc6131b663f1ee210ac61ae,13000000000000000000,164
0x275121b5734bdae3bd97da0fe37f47450656cb13,24000000000000000000,165
0x622794225858c0623f692e237952351a52b36793,80000000000000000000,166
0xc5ff15336bd6e4b9130dd5aee1af0ecdabb7e01c,2000000000000000000,167
0x64320d3b5095ff0cded537466c1fa5d78520ea48,58000000000000000000,168
0xb464b5d621edf951c4f90edf40e2a5cf4a0c9d0c,43000000000000000000,169
0x91310becff4d8de9aa7aa5dbe2f5e3df95ea3bfd,5000000000000000000,170
0x690279a9b0a35273f1721535d0d05982e7182abb,49000000000000000000,171
0xcff9dd222e6f0dcfc8bb03b40d69f600a066fbe9,66000000000000000000,172
0x3ed89e4a5b6c6730206826d6ad1b77bd6fd8084d,82000000000000000000,173
0xf45b703f2adc8dd059652813ff2a4121b2f2534c,97000000000000000000,174
0x4481e8f46e2e5bd001ebf9666c74148f90b651b5,20000000000000000000,175
0x979061f5ff77aad1a38de91cf94a77e203f2d899,62000000000000000000,176
0x8693ca3483daf299aad023eae75221436d6c11a0,94000000000000000000,177
0xba3b7820fabac7b97a8c82581c6c9041d6956321,50000000000000000000,178
0x169251b1cea226d2cee2e9912956b68f0aec0fe5,19000000000000000000,179
0x3c1cd57c83efb90b3b06799010b4389405fbcdc8,69000000000000000000,180
0x69f8968b98a6b66dfc0363466347a1e386d39b14,6000000000000000000,181
0x7a52ed1c3ff47d9613f67e93a3886fff16c3b466,68000000000000000000,182
0x1dfc4aa186b08856b529addd4e3aee7ff58497b7,64000000000000000000,183
0xa9487c5b6fd8a1454df4e07eec6e9906482b4610,38000000000000000000,184
0x5bcad50f6c02b5c52b67395af27080dd8566bc6e,97000000000000000000,185
0xcfe9c3afa9492b4404eb0a9b237f2c07315f2556,44000000000000000000,186
0xbec58e974284b9fbe60533d86dcce77df709fc27,2000000000000000000,187
0xa9b53af7f3e54aa9a3cb8716ac78e2409cc9987b,73000000000000000000,188
0xf2b63130acbfd7d5743ddfddbca293566133c95f,3000000000000000000,189
0x8e260f9e62a153be3354aa8bbb0f2a1f10fad34a,73000000000000000000,190
0x3844e2efe83b3b8450727ea5a2672400faea2d66,3000000000000000000,191
0x640dfbed161596e6ac84ac3f32523e1f29a3e568,92000000000000000000,192
0xad4568cba0e8ac982aeee244db399b16eadc9d13,88000000000000000000,193
0x887720624f10e1545a863d11c7f781338178356b,32000000000000000000,194
0x2f352fdaac9b798abe79086c24fbb51c80f5b554,13000000000000000000,195
0x6b5c1bb68df0aa496a9188b8ac47d9c33e29533f,80000000000000000000,196
0xe3745496a62844f56b3bcbb91015dfb8d53d2fa8,4000000000000000000,197
0x84ab142e4014bba2499b65a9b0722e0f77a2bc59,21000000000000000000,198
0x98d46000423daba025ad123d1dd2388ae8a2790c,67000000000000000000,199
0x3653687ce938e79d590f9343f2c3fb7e88849e28,57000000000000000000,200
0x968d58147baa8a038e50322da86c199b592d0aaf,45000000000000000000,201
0x9ec33c9970b3501d5724d8ff01d952e655df186e,87000000000000000000,202
0x1cd03e41e3181b81a28e7bb549e6585328a82097,13000000000000000000,203
0x343b28358617a7c1544c6e5c1f7c38487401ea84,77000000000000000000,204
0x0a3efe37b73ae46babd16b7d3b1897d10f36e84c,63000000000000000000,205
0xf943f509f9cadfde308eb0e2f5311d02aaecc7bb,57000000000000000000,206
0xcb00d6030132c0af46a0ebabe2e66ce99d0c83e5,4000000000000000000,207
0xae00ed3ed9c69560778a44845dcafa97992ffebd,34000000000000000000,208
0x8e924d34dedf48ae5135fb1e0bf50035b862d129,80000000000000000000,209
0x623b4a71a8b48b01f7f8d3d1dad9dfce1fd04ad8,55000000000000000000,210
0xa78570329849ac5596b83f16f3a6bd685505b647,74000000000000000000,211
0x94ceea2d0e26dda7877f8848f7cc56e809b14520,86000000000000000000,212
0xac38b9f2ca4f481d4ed793c96b2ff0723d89ca30,78000000000000000000,213
0x93764f433f1eff622f9b7649272e14c5780a929d,6000000000000000000,214
0x59c8b73dd0a6f044fa88e758b70c40e0ea22bb59,59000000000000000000,215
0xe0f70fea8fc7011db802ecd17c23fed94fa9c5a0,3000000000000000000,216
0x7e3edd91f9e0582b416b368d92e0b8dd08487e74,88000000000000000000,217
0x2afeaed3ce037c90b0dacbbe44ffc24bd0596460,39000000000000000000,218
0x74b4a6d0b0c8cb46c6780b901898c715401ad260,99000000000000000000,219
0xeac59b1236ecfb974dc8ba2e5a988358fb8ff909,7000000000000000000,220
0x447d93368e997b3595a66d5f844aaadae3782a3e,38000000000000000000,221
0xfc06c6c7edbd7920ce914ea2ab4b5a61c11b8b85,33000000000000000000,222
0x0af13d85a4a21c3a4826fb75522d2e6690ee59be,71000000000000000000,223
0xcf07c73c805e16b19f5b97d5e5649c257be5338e,10000000000000000000,224
0x8964a3aeee6278def8ee7445a7104d08e845675c,32000000000000000000,225
0x52eff83fa757b091fdc278057cccb63a5836b3ff,79000000000000000000,226
0x155d4addc0f04c51e6b9251882adcffe513283b8,50000000000000000000,227
0x004d912c41847c638af23e53c03ac86009b27001,23000000000000000000,228
0x8b732dbd85e46485190856550efce1cdd5bfd64b,50000000000000000000,229
0xf21693db815d80863d5054b4a4b1833614422c4a,55000000000000000000,230
0xa15066ffd54b64f2792a0a44f7bf2e22967a6945,8000000000000000000,231
0xfa9e809ad38c18109b5c981937f13b94cdceb1ce,1000000000000000000,232
0xf682f7bd73a72306f3299d90ac116d61cb683578,70000000000000000000,233
0xb80d6d76003ef5e1af2fc4040a3e5abfa3786d01,94000000000000000000,234
0x6cb961660769e958f4555669cc82dd09cd276053,74000000000000000000,235
0xb3d823245f79f0d738f656471eb758d28621cb83,89000000000000000000,236
0x9476f58293298aa4f039f3fddbeeeefaaa9f28fb,89000000000000000000,237
0x280b8c9837ab61b56a38602f5b0352f7e4f67ac1,28000000000000000000,238
0x93ff3c70f960b9c63d7168c89b0bc6efbd2d1ad5,78000000000000000000,239
0xdfb3b674e91b5779bce2b0cf68b1330dfcf6889e,41000000000000000000,240
0x11773e4fd87f8b2c25c27d2aaee2c6d3b464ea24,28000000000000000000,241
0xeb77a7b2aef92cf7bb73ae8f994c1f04127f2e40,2000000000000000000,242
0x1df69e15382a57b04819fcd9d74cbefda10b1184,12000000000000000000,243
0x85ecf26f27fb305b7dbd8d9891b53f8b32fd484f,21000000000000000000,244
0xc7e1f77f62d2e2b2bb2ddac1a35d4e001aef40d6,60000000000000000000,245
0x130f4799a8b4b45d3c42e5e8c4a73cb66b36c7e8,70000000000000000000,246
0x69aee1adcd0dfe22e67be5468915f76e71d5b45d,79000000000000000000,247
0xf101e9e298c3d4fe1bfa63c109702c5f22b3ae57,44000000000000000000,248
0xdf0ee01496ac56a07aa8fd9f30479d032a7a35f9,84000000000000000000,249
0x44091f6e4b32cf4a3e1e666aed65451e234f1be3,34000000000000000000,250
0x63254514aebac91981df628fb162f44aac132810,47000000000000000000,251
0x3b5f95a7780aff8ada1d8957a3cc30d14fea313a,63000000000000000000,252
0xfc847231c6cebca90ad50605ef9738360ccfab29,2000000000000000000,253
0x35e7c0080550b2eba8419319845ac9e401eb7ee1,33000000000000000000,254
0x66250163698d329cbf598d1178799af6c9883928,98000000000000000000,255
0x63fe644ecee0bca0db2c09dd33b7bf60a0ad4061,15000000000000000000,256
0xa07d094fa711c63ee3ddd5137ff8612eab7581f8,38000000000000000000,257
0x5bb60fae37f6542394b26086200f33fe652e4617,97000000000000000000,258
0xfd9c7b195462fc4a72b851046a1aaa0a52d3bc52,24000000000000000000,259
0x941e2c8f9962d7494cbff4c5a0e2b7d93aba90ec,94000000000000000000,260
0x7717184cae77ff93d5f5c228afbbebf6c9f7610a,39000000000000000000,261
0x7aca7bbb11add6e8bbacb0b72d9f2c842f904472,5000000000000000000,262
0x62f78fa93fa961e5789967f77486d08b97078a19,54000000000000000000,263
0x5f8a5489cce9a41728ad78c93d0e93acb0e789cb,62000000000000000000,264
0xf9074901d17d12e99235aded3247831b08b77f0f,50000000000000000000,265
0x5cb5a0337755ff1cc5a9480273bd6fc03769a6db,69000000000000000000,266
0xc9423962934a5ce8f3c6ce0f631c8a81b8098c28,35000000000000000000,267
0xa4ffe1d1d13b20e064a419ee0e104ea6ec6e307b,8000000000000000000,268
0x96f52c1c2d403306a2ca148557401bf503dd8868,69000000000000000000,269
0x8be23edd6c45687ee588cf6e38489db2cfc4ca3c,13000000000000000000,270
0x2da05b0ddfe52df86eec6b4c4d4ccdc609b72161,44000000000000000000,271
0xf26c3a8b8e0afeb98a180490e3154358597dac61,36000000000000000000,272
0x48074d5cdc6e01d8d49f84660f2eeb601fac7ec9,89000000000000000000,273
0xf3bfa6963ce2b6aae0d4a9ae231e70775db65ff2,15000000000000000000,274
0xe67d89d9f6ee61a211bf23a4212ec754cc196988,65000000000000000000,275
0x78d0df803c91792bdf018dc3ac8a2a3991cedd42,73000000000000000000,276
0xa34c4bc230b02d53a6910544e6dde00a955adec4,57000000000000000000,277
0x63392ffb8a8c658139c707c69f9fa2a0c0d75cde,71000000000000000000,278
0x02faffb48444bbe938448add131eabdc0a076d7f,56000000000000000000,279
0x75d75547a337f850bfaee460a7473236a33e29d1,11000000000000000000,280
0x124c0adaae0ef845d41d18d52f51f5ad20941f9e,31000000000000000000,281
0x3cddae6eb21d727af7e248676403a472907d4a1a,66000000000000000000,282
0xb22f059501d83343ab25f0b0602028161651f902,42000000000000000000,283
0xaae9aef117dd72abaec5d20f0e26f3b72d08ea8b,47000000000000000000,284
0x268eb78916b8f78c7b4d82d35a8e1cee088041c4,56000000000000000000,285
0xe7e8c4a71a3e2487754462c4175e28ea544b4a79,68000000000000000000,286
0x01aa4a842a0642ccebc621086df1ded474409b51,38000000000000000000,287
0xc15e9fd476aac7a4b7c1fdbaaf673d95547e9b37,5000000000000000000,288
0xf87e1b68fc8f839117a723c67ece9e99cf1e4a98,84000000000000000000,289
0x80c13a024e35e22442acd009f6fd76f6d4a3c618,100000000000000000000,290
0xd280d7aa4b42281a9e0375f87cca44cd827471aa,27000000000000000000,291
0xabb5b651d087d06792ea16d88bd041b6f1f86790,31000000000000000000,292
0x84720b25c4e93698324d978f42b722a8ebeb2a34,87000000000000000000,293
0x0d8b53ebf8ad3ed0f24debef2ce89d029ea4b2a0,18000000000000000000,294
0x1a6c16f54843bc67f5ec937afe15bfa68e9bf6d7,35000000000000000000,295
0x494bad412680f3f52d6460ab7bba15e711fee31e,8000000000000000000,296
0x0df98915a04f3e5b0c8bce59d427151e08a1d969,33000000000000000000,297
0x226d3f6551bb17cf9fda7696b4a69090cdc9794f,10000000000000000000,298
0x1c7823dc865679a91c21fa59bee28a6ac71056d9,49000000000000000000,299
0x1f362863164b8f9ccfa909c760efd6da7a0b682d,55000000000000000000,300
0x5a672311ae9e621258f3e9972dcd6d7d43e147b5,34000000000000000000,301
0x43c5c8dff27006aef53f700a8af93e1d039860b6,95000000000000000000,302
0xde4b092143ed7b7da5db8eed38e9d27224a8ae13,61000000000000000000,303
0x723e2bc60b96bd100dcff3adaed5720b4f2c0694,73000000000000000000,304
0x16be91ce02ba8e3663dda874722e817995206497,40000000000000000000,305
0x92258b36de04b871db73ac5920a99da34c306bfc,59000000000000000000,306
0x8d5e4abcf54a8c0a51e13e9f3a5aa1b279d9e925,61000000000000000000,307
0x7bc93e45d3de9af878e7d6ed2e78d4ae27028b05,51000000000000000000,308
0xe863a69c8c0138a63e3a2367d2e1b19c47f18f5e,50000000000000000000,309
0x60f513b90c519b2f1520210c894cad3b74183a6d,38000000000000000000,310
0x1f03736e4f4ed2b64ff12b431779a582e2023f9e,38000000000000000000,311
0xf1b0a029da184e3d6ec845ff5411d1d2de6f6876,73000000000000000000,312
0x38082e5e87cb9c168dcf02a672d11b6a5f9c548f,34000000000000000000,313
0xa2ffbb9146c4a70c25bc0a473af2c171a2682290,49000000000000000000,314
0x52d1816665aa6029b38035273d6677d9f0a3d1cb,75000000000000000000,315
0x12c3fcb3fd1c476f7bfc202ff7387684ee9ec491,48000000000000000000,316
0x6389b42c4f5b013dcd17a662f41797e5f40fbd5b,85000000000000000000,317
0xb02b4acbe53635c0c72bbbc5d43de0600f7ed340,95000000000000000000,318
0xb14a720beaa58c49e1fb63f987ce1be54e64eab7,27000000000000000000,319
0x23b50b36a2da15eeb313c2d250f36b6d46d104c8,38000000000000000000,320
0x476f05302dd27818a88dd9bb48288b1a8053aeb1,80000000000000000000,321
0x84b82f84e22b9bbcf370135fbd20badd0edbf05b,52000000000000000000,322
0x44ec8582eebb54417a560b5c15a0b0a04b576896,8000000000000000000,323
0xe18712a19306569953f8f99f121f60b4e5d6148b,90000000000000000000,324
0x687fe9e6a24d66a222a932b207258001bf8a6e5a,63000000000000000000,325
0x2730e616ae2bf1a14886231d5771b927a0b12d6d,40000000000000000000,326
0x96485e68f8d42bc80f65a90232f8c3340e23d83c,47000000000000000000,327
0xd475f6f6491959e3e39f662f2844209e2a1778c2,30000000000000000000,328
0x840b62f57522f8945e8f1e0f8403b100a6c62ee4,4000000000000000000,329
0x17fc0f71b8e8f37c26de2a53cbf48e86c2c3bc0d,85000000000000000000,330
0x2346e4c1f4e68296d85d7d98bbbe8dfbdf0c3b78,41000000000000000000,331
0xa86cf5b38d1236db9e40c372f37952cf02d7b79c,79000000000000000000,332
0xd46d516fac885c9eddb5a4a5eb42e072db3f8c80,74000000000000000000,333
0x5f2d2b22ba9ac5ee3fb89ed915f12904f088195a,83000000000000000000,334
0x2736d2b4b61be67b27e2cc8b39c79fcdbd0e38e3,34000000000000000000,335
0x7c4ef3d21224608485e24189f9191fbc49e2e2b2,9000000000000000000,336
0x88d4307e295b3cb509ed52e187f1d5a63537f1ad,32000000000000000000,337
0x45ddc37b7f8f6cf2b750ff80cd6b5b1a3b74068a,34000000000000000000,338
0x6d14f19ec13b5b6dc774a7d3d305d010c5c662ec,72000000000000000000,339
0xc52c16f9786c651ce61eaf08c5fd42493ef75a53,75000000000000000000,340
0x2a26d6d2fde5cd4dd2034986a97dcd2a281a58d1,77000000000000000000,341
0x1e5c6192f5bb663a7a750ceffde6463e2ae6fc4b,55000000000000000000,342
0x4815162342f4c7b70ac32abc25ec7bbbf6bf22e1,9000000000000000000,343
0xc7c78a7b229d3dbd1e6c382dd5f4b16442dc5ad3,5000000000000000000,344
0xc9946d76bb745d37dbbe7055c016b0816ed2cd36,49000000000000000000,345
0x67d21bb1817a7012f84505c5c0796be0c75a24f8,41000000000000000000,346
0xa257fa45aa7d0d5a31496f2f7bfe9bf37d2df2d7,14000000000000000000,347
0x5dd15d31daec457c8d11d58f645629a0c9b1e7a4,11000000000000000000,348
0x7f6ea72570b6fcd9c146fe689f84e07111af9f16,2000000000000000000,349
0x095e90a042163ea4251dd92e21b74bb4e89db9c8,44000000000000000000,350
0x3c64600a379b228a28dc6ed169a7b73f7d16ad5e,40000000000000000000,351
0x50f1730c290ff2f1ad5ab31f00a726d06e7a7747,4000000000000000000,352
0xc12921c6cc5a1ee92b9ed0fb1d6f7a4f38cb8898,90000000000000000000,353
0x9bc285e9997f215f08e788e2a9b3372d89fe8b18,18000000000000000000,354
0xd2c4e81c70c36d85b91e8e18ba49b7a1463a7803,82000000000000000000,355
0x7eb62ceae3d1a6f2c4a8fbb7ad3786b8c6b1e747,8000000000000000000,356
0x872346f9fc60cc23e214c328973802b03fa4adad,21000000000000000000,357
0x62f394d6d25c787e894954280b5c40be19ef80ee,6000000000000000000,358
0x3bfa10f59aa87fe6a06617b8a6f2c44c0ee4cf20,24000000000000000000,359
0x2b4e0961ebc65a90ed616ed6147b7b50821c233f,91000000000000000000,360
0x3c2cd124c2ac8db2e0c6ecb8a24e1884e321bc10,42000000000000000000,361
0x0353e878bc7c50ee019ce28a6b4d37018b8be8bb,66000000000000000000,362
0x2ff17d1c44f10ad6fe8f35da3de69e9bb547dec2,51000000000000000000,363
0xa1cb2ef9d6f82b8a42df6410b662a3c893779c45,100000000000000000000,364
0xc24e01327cc4f94b6f1b86eae0a502eece1df3df,10000000000000000000,365
0xab3c8c20218c9951a3c104332f2e3a57c8ed9c2e,86000000000000000000,366
0xc33ac919e5c760f73404bb3e3d20a064d0d498f1,23000000000000000000,367
0x4680bb1232696e17b5a6677f161be1c2b9e918cf,36000000000000000000,368
0x407119ac9e42c9ec48ee9964c4dbedc4971b3f9f,79000000000000000000,369
0x722b6c0af33e12951164cbf3a17738adac51accd,89000000000000000000,370
0x11010bb30a0d42eb1ce56b6054ad0dd86205d6de,92000000000000000000,371
0x6cf0c458dc4017b3da2530a1b05e4b51d91f28f1,96000000000000000000,372
0x3c8cfb999e99e9d35fddde6790b90351f927ed46,26000000000000000000,373
0xe59d291e99b12a79a1b19d8b43bfb9cf42c1b6b7,12000000000000000000,374
0x2c41469ecf2f58519a3605d4c30645f02537e40d,32000000000000000000,375
0xf8b3b4297d91b6fd1c8b75664810315e41d9f98e,3000000000000000000,376
0x53a8b5a493d61d3841deee79aaec675576fd2b34,93000000000000000000,377
0x9357fd38b3b76720bace686b671dfe2020fb2e07,37000000000000000000,378
0x76a39b96ad7a0de97274b1dd4ed73a37e5b49e85,15000000000000000000,379
0xc3d9310625108b642f85534e8de29c7e2c857140,47000000000000000000,380
0xf4ee77e14ff6ec82853a1a003d40827f198b79ab,80000000000000000000,381
0xdfac2cda7b94a4c148497b45dbd6717bd045a8fe,51000000000000000000,382
0x4c2c05ff5e03356be42716ae6729ff82467c0919,59000000000000000000,383
0x482dafe057fe4df43eab530d8bf5b2f9f13cfa8c,14000000000000000000,384
0x088c5fb11a12ef07f461d1ab2505efb33c0110d5,79000000000000000000,385
0x93f79574b9c38dd9638038419769be3b547c4f68,39000000000000000000,386
0xa0f3fc4e8b945b96ad9d6e40bf06a83bf4b9a020,73000000000000000000,387
0xd56a9c059d2f8d2f4fc21018101f107abcafee02,88000000000000000000,388
0xf94fd567f98e72f3256cf2f7f4dd61d16ac20214,64000000000000000000,389
0x926d0121e4e5d5adba97e90e0f107ab470c2c911,56000000000000000000,390
0x270e3ff7e4a7c7a9cf8880bb106ca5e509f57b42,50000000000000000000,391
0x7f479b7d85a37244b57f6c0347a47c1b1464e8dc,3000000000000000000,392
0xd3876a6e4c8eeff90d0d4435fdd9c3e6adcc82e7,90000000000000000000,393
0xd5e5a7987b5b2ec78e0bb4077343a84ec2b65597,81000000000000000000,394
0x5d1bd891dbb0e5f212aa5ea05720f64c5a3f9bc5,7000000000000000000,395
0xeb72ffbb2169f1bda3d2d64a4b15b3ac4bfb89a3,74000000000000000000,396
0x88a7efb70d6c0a5682f43c566a8f86e66515a1c3,79000000000000000000,397
0x48b34882a222eaf0f0e4b4ff0f05f9f5f091e9f0,12000000000000000000,398
0xc4176d09f077eaaa1d1d2896d411eb2e0d7c66e3,83000000000000000000,399
0x01192c78379d684f13e7cc988fe31424c4690e32,40000000000000000000,400
0xf5da73feffd368e325cf70c7e6a36c46f13de097,62000000000000000000,401
0x6d206c6e30766f48de0a021f2ac036d74af034ff,58000000000000000000,402
0x8f4edabdd6a316e2651be6f8dbd3e5fb787f5d42,42000000000000000000,403
0x329511d68e4eb946cb7a5c9092df92e8404860e7,44000000000000000000,404
0x2e5f4e4f0bb4d5286878e2ddbe2ec16513794565,61000000000000000000,405
0x1c148f0fe0b6fb6f6e4463d306d5c14e8f98a0a3,86000000000000000000,406
0xd33704b6954857bc7be446e0ad1cbad5a0f52f24,18000000000000000000,407
0x9375c7bb10b3046a688fbcff29f197b5b3017583,19000000000000000000,408
0xbdc79901d9af3458a7f4f0e49c4f8e1efcd2bcfd,87000000000000000000,409
0xc18d23d57b1e8d8a75f098eaf8a6f0056a47296b,97000000000000000000,410
0x9f77e2f6d57e76a1a61b6e69bd1ac3f4027d98c5,55000000000000000000,411
0xd44c52df276d3f67c9f44c0ff8c9ff7204cf0184,58000000000000000000,412
0x33de08be7223be8ed0fbd80c57f0097fe8cd43a1,3000000000000000000,413
0x58d4c869f02a2d72c564845dbbf48cf3c7638aa7,28000000000000000000,414
0x0bc5d6d9d3a1da5a2f9a0ba8b12c348787116ce4,76000000000000000000,415
0x1e21f028bf08fd6193bbf20544193a2150e14cd9,23000000000000000000,416
0xef1d09e5a23f369d0c3d1e37f4b57a1e82168e38,80000000000000000000,417
0x0d7e91410be667c0a42ec7842815a51ddbfdf4b0,36000000000000000000,418
0x75b055e736b13dabf8c34e38b58e2e00847ab34e,81000000000000000000,419
0xb0247eb9611f20f3e2e8f28d53a9ecbe3d17d3c8,5000000000000000000,420
0x3b5706d5ad820ea76a1ab7cf373313b153149e3b,29000000000000000000,421
0x6d8d687240b9b4688936df1e9efb4bdc85e02ebd,80000000000000000000,422
0x60f4710e299be18d7cb27f5fd18d0f1e7a2ddc0e,87000000000000000000,423
0x3699dc20d953f3d00fd469d529f7f5e9fd4b06e4,25000000000000000000,424
0x4f38aa713d089beff85a5f3a9d5e89aead2b648e,62000000000000000000,425
0x6176c5d96d8195f43695a47b9f554dfc7a02de28,4000000000000000000,426
0xdb5f8a65d9cfeba2c3b3ec60a6ef59b9d4a07a4c,25000000000000000000,427
0x241a598d6f055f181d5b2a38280de3a03ac52286,87000000000000000000,428
0x9c34e54c61ebc1b2345d865e4d2fba0d9fc10811,59000000000000000000,429
0xf8a9a16587e35fc75425fdd5adec296ee10b3a07,93000000000000000000,430
0x80e134e1b8450e8f5850c0290645e87ee67f3308,25000000000000000000,431
0x583e8775e0e3dcd83d18d4f7034ae4722ba80ff3,82000000000000000000,432
0x6690c9d50033f20d804d4ed93c2fc8be3525e529,65000000000000000000,433
0xd42cf34b6e40b548e8af54d5c53de59d822bc4c3,29000000000000000000,434
0x59c9b0a121f944a91cf1c6b0f00fb6c2d2853996,97000000000000000000,435
0xc2d795bbaa90f4826c3cd8c3a268085a0b749313,100000000000000000000,436
0xaed7484dfe386a91a201f155efaa6c2c66a5e81c,69000000000000000000,437
0xebba9e50e9d27fbaa44fd4a75c33cfa1cb19c149,46000000000000000000,438
0xd0f551dd85d546f7a6d26b98b2cf0a52c4c61a10,18000000000000000000,439
0xe5b5d2c9bb89a38df48fb82e8563e44a065fd3ee,27000000000000000000,440
0x1d7c2ddbc2b2b1524c30a116d21e37e2507b8a5c,18000000000000000000,441
0x00a45e963568a4e1a0fd2014c4c722f501f7b996,84000000000000000000,442
0x2eac951d1939f7db7d83ab4022c698ad4cf83e29,92000000000000000000,443
0x97bb8968e8ccf6193096b204e42aeed01911c53a,89000000000000000000,444
0x1d7f7012f5ed617f12b8195b8f05a61fd4e95cf9,49000000000000000000,445
0xc0f4b9c1d238d91b9a2af6492060cd8ad87fcb2b,40000000000000000000,446
0x40d7c3f978024514ff294b2d64ed72d12e5dc24e,16000000000000000000,447
0x2ef79a02baaae3080ab99d32eb33845b29074e60,74000000000000000000,448
0xd8aa832bf0b2b2056a6888c24cf4cc82e8320312,88000000000000000000,449
0xa5c4d242c20f857248da45f9a6b73c33d154aacf,35000000000000000000,450
0x98b10ab22206356d58d3e1d8b08c01cd1ee4f289,70000000000000000000,451
0x6b1c5fd2212f97e57c9cd7d91e5ef5a172d2a48b,46000000000000000000,452
0x19f095bb3a2017354d2fb39d7cf5b10fd3251b92,95000000000000000000,453
0x2e70d5878e554c5351f4b121cfd7bfb33672f432,86000000000000000000,454
0x6402cfabb4e1754bde5d35a4c7dbb2a1ba6da99b,30000000000000000000,455
0xe4d34297e6cfbcb96dcb054a4651d6bb9366341d,93000000000000000000,456
0xd7b7a7f4d872fe25965b28147e4fbb4b76f55c4f,65000000000000000000,457
0xc6072bc1dd59e2061b3e6c9b10309f899fbac0d2,57000000000000000000,458
0x9dcf18c8ed77e2a2eb0e43d4a09f98e10546c193,26000000000000000000,459
0xef90045bfcff437fa1d5dc20a4f3e73bb979cf6d,67000000000000000000,460
0xb531b0e971b48743c83ef727187ff6bb0b63514a,1000000000000000000,461
0x12e6fe32e48d0e6e6a9991164e5e05a85d1c573b,33000000000000000000,462
0xa13c805fb19e81b47a6d2a9d0ff5f8160d872937,1000000000000000000,463
0x41a078e00f61ebe4c52e47472953a3ef8b301d3e,4000000000000000000,464
0x54a48d4b4af73a3c02c6e52c41d447c1d7385e04,27000000000000000000,465
0x76ecce7695e8c7b8823d10bc64cf02f041e800e7,32000000000000000000,466
0x16f2fc3bfe2c040b9f1f1f6c3d116870258b611f,40000000000000000000,467
0xa3791df06de01e20a0e72db17cf91d03a0fcb1a2,95000000000000000000,468
0x16f5b4eb2fc17c6a617d63f59f0dbb80feee5ae8,32000000000000000000,469
0x1922540bb2c67cb31a50aaab8286cc79f0502953,87000000000000000000,470
0xf9bc01d32063b1ff8e1b21cf630ae54c0cfa4f15,46000000000000000000,471
0x30ec2053cf5fc77f6b3d7d6d29b67fe514686f63,9000000000000000000,472
0xabb54f44a1e695e1b0722e20931a4db4026f7a0c,29000000000000000000,473
0xe953c80d36a4d2beea049388fe1ab5b2b96dd9e2,41000000000000000000,474
0xab0dc9ffde21da563d59f978ee6b27914163df2d,47000000000000000000,475
0xa0d81eb88ba4c5e8d1fb78939e01e1b675ca508d,12000000000000000000,476
0x3685dd801bd2f724038e4e20e5906507247b2b39,91000000000000000000,477
0x5d7a3bb4af08d6817e028301d2a111235b7172e5,21000000000000000000,478
0xe0380701608b9c8d6a3f7c4b6e60c334015a9de7,90000000000000000000,479
0x7436b84f748f979f8e4b6a43275c5846b374ff46,66000000000000000000,480
0xb31dc9364c3c48b834d260e3b8563954e499c767,85000000000000000000,481
0xeba1cfa271855d191a032c37bdaa13b409429d36,23000000000000000000,482
0xa405a5e2431246d2f3906c920c6937879d67a7f1,84000000000000000000,483
0x514b74c75819daaaf4cb4ee2af44b10992dd6bd9,66000000000000000000,484
0x2aa4d77c8f18b39d2827a1c06cfd7d32ff55bb78,24000000000000000000,485
0x9f364f15758b6a18d6dd56fbd88f17c8f2b6cda7,89000000000000000000,486
0xf13aee83d5c884119adbaa2e05cfc11fd02070b1,94000000000000000000,487
0xf20042ae6a16090556b47014b5edc13a0bb05d25,66000000000000000000,488
0x1340ef084d52519d47fb8064c65ac888b193f8ed,53000000000000000000,489
0x8e1baa620b51cdd37b7f451c58e1ae841f315dfa,51000000000000000000,490
0x4c86de3ff82ac7bb6c2587c81d71edbf2967ef18,84000000000000000000,491
0x496cd9c892c1e72f759899bd0dd95fd70a3ed51d,28000000000000000000,492
0xf804953c3bf67d9d33ec0c81274a3d2b10a7b2a5,8000000000000000000,493
0x73d6e1ac3082e748d0f678e56b7b4a9d2d004e9a,80000000000000000000,494
0xfccfa82f0b30961204d9bfc6a2c4429b05b3dd0d,22000000000000000000,495
0xe65e5ff83514fe6b416f6d58a9e20ecb5dd08915,61000000000000000000,496
0xeada4aa4e1c2a5489cb05c49a03c08897e0f3d52,30000000000000000000,497
0x38bf8233f30c65b055a29a7b890ea4e963b1a5b8,52000000000000000000,498
0x875dd0c4dc5b250c1e3b4a6a3d5458f00055e94f,34000000000000000000,499
0x264b688da19ec922f064e6bfeb2c7878a283c0c1,29000000000000000000,500